cycle	date	phase	gap_count	verdict	notes
0	2026-09-06	VALIDATE	9	CONDITIONAL	first-pass V1-V7; 0 FAIL / 9 CONCERN / 8 known-gap
1	2026-09-06	PLAN-SUPPLEMENT	9	SUPPLEMENT_APPLIED	9 CONCERN gaps addressed + F1/F2 folded in; report: unpaid-order-abuse-protection-pvl-iteration-001_REPORT_06-09-26.md
2	2026-09-06	VALIDATE	0	CONDITIONAL	cycle-1-informed re-validation; 9/9 CONCERNs verified closed; 0 FAIL; terminal, EXECUTE-eligible
3	2026-09-06	EXECUTE	0	CODE_DONE	RFC-2 vc-execute-agent DONE_WITH_CONCERNS; report: unpaid-order-abuse-protection_RFC2-REPORT_06-09-26.md; self-reported 25/25 integration + baseline preserved (1 pre-existing fail suite, 0 regressions); NOT independently confirmed yet
4	2026-09-06	EVL	0	HALTED_SUCCESS	vc-tester independently re-ran all 5 RFC-2 gates (unit, integration DB x25, integration no-TEST_DATABASE_URL skip, tsc, eslint); all green, numbers match execute-agent's claims exactly, 0 new regressions vs baseline. RFC-2 CODE DONE -> TESTING (not VERIFIED - migration unapplied to real Supabase, ACL probe pending, both owner-gated). Proceeding to RFC-3.
5	2026-09-06	EXECUTE	0	CODE_DONE	RFC-3 vc-execute-agent DONE_WITH_CONCERNS; report: unpaid-order-abuse-protection_RFC3-REPORT_06-09-26.md; self-reported unit 1 failed(pre-existing)|73 passed, 548/548 tests (+89), integration 33/33 (25 pg + 8 redis), tsc 2 baseline errors, eslint clean; E5 review-expired route deferred (no scheduler host); E3 idempotency-key warn+log only; NOT independently confirmed yet
6	2026-09-06	EVL	0	HALTED_SUCCESS	vc-tester independently re-ran all 5 RFC-3 gates (unit 1 pre-existing fail|73 pass, 548/548; integration real infra 2 files/33 tests; no-env clean skip; tsc 2 baseline; eslint 0) - identical to execute-agent's claims; E3 (no 400/409 on missing Idempotency-Key) and E5 (review-expired route absent) verified by direct code read. RFC-3 CODE DONE -> TESTING (not VERIFIED: migration unapplied, ACL probe pending, no prod Redis, ingress header unprobed). Proceeding to RFC-4.
7	2026-09-06	EXECUTE	0	CODE_DONE	RFC-4 vc-execute-agent DONE_WITH_CONCERNS; report: unpaid-order-abuse-protection_RFC4-REPORT_06-09-26.md; self-reported unit 1 pre-existing fail|79 pass, 610/610 (+62), tsc 2 baseline, eslint clean; 3 additive server deviations (cap order list via existing list endpoint, 4 optional AdminOrder fields w/ 42703 fallback, optional expectedVersion body on confirm-payment); human walkthrough Gate left UNCHECKED (Google-OAuth-only, no bypass added); NOT independently confirmed yet
8	2026-09-06	EVL	0	HALTED_SUCCESS	vc-tester independently confirmed all RFC-4 gates: unit 1 pre-existing fail|79 pass, 610/610; RFC-4 scoped 11 files/105 tests pass; RFC-2/3 integration regression 2 files/33 tests identical; no-env clean skip; tsc 2 baseline; eslint on touched surface -> 3 react-hooks errors all on UNCHANGED pre-existing lines (app/checkout/success/page.tsx:34, components/checkout/CheckoutForm.tsx:201,220) = follow-up stub, not regression. Spot-checks clean: no auth bypass, no client auto-expiry (E5), DB-clock deadline only, walkthrough Gate still [ ], no RFC-5 surface touched. Note: plan's RFC-4 Test Stage names useCheckoutSubmit.test.tsx but file is .test.ts (typo in plan). RFC-4 CODE DONE -> TESTING (human walkthrough pending). Proceeding to RFC-5.
9	2026-09-06	OWNER-EVENT	0	MIGRATION_APPLIED	Owner applied supabase/migrations/20260906000000_checkout_abuse_protection.sql to the REAL Supabase project (COMMIT ok) while RFC-5 execute-agent was mid-run. Owner-verified via 3 queries: guard function has NO pg_catalog.current_user bug (fixed version was applied); 0 orders without ledger row (no gap-window orders); app has NO deploy path yet (runs local only) so no live-customer exposure from the schema/code mismatch. Unblocks: real-DB ACL probe (RFC-1 known-gap), RFC-4 human walkthrough on real data, real-data testing. Caution recorded: do NOT run pre-RFC-2 code against this DB (would create untracked stock/coupon orders). Enforcement flag still OFF.
10	2026-09-06	EXECUTE	0	CODE_DONE	RFC-5 vc-execute-agent DONE (report+runbook+evidence-pack written) then FAILED mid-cleanup (opus session rate limit hit while updating plan file). Report: unpaid-order-abuse-protection_RFC5-REPORT_06-09-26.md. Found+fixed 3 blocking defects RFC-2/3/4 missed: broken generated file hid all tsc semantic checks for 3 RFCs; migration would ABORT on any DB with a CANCELLED order (pg_catalog.current_user bug); migration not re-runnable (missing DROP POLICY IF EXISTS). npm run build now real-green (first time run). Local cutover rehearsal 31/31 pass on disposable Postgres, found 2 real data discrepancies from old trigger (not auto-fixed, in runbook). Orchestrator manually synced plan Status line + RFC-5 checklist (agent didn't reach this step). NOT independently confirmed yet.
11	2026-09-06	EVL	0	HALTED_SUCCESS	vc-tester independently confirmed all RFC-5 gates: tsc 0 errors (confirmed the corrupted .next/dev/types/validator.ts really was hiding real errors), npm run build exit 0 (first real green build), unit 610/610 (1 pre-existing fail suite unchanged), integration 3 files/64 tests (25 RFC-2 + 8 RFC-3 + 31 new RFC-5 cutover rehearsal), no-env clean skip, eslint clean on touched TS/TSX. Migration bug fixes (current_user, DROP POLICY IF EXISTS) spot-checked present in file. No commits, no context/env changes. ALL 5 RFCs now CODE DONE + EVL-confirmed. Not VERIFIED (owner/infra items pending per RFC5-REPORT sec 9). Proceeding to closeout checkpoint.
12	2026-09-06	UPDATE-PROCESS	0	PHASE_COMPLETE	vc-update-process-agent DONE. Updated process/context/payment/all-payment.md, database/all-database.md, tests/all-tests.md with durable findings (atomic RPC model, dropped triggers/policies F1/F3, vitest unit/integration split, .next/dev masking-tsc finding). Regenerated all-context.md routing block. Appended UPDATE PROCESS Note to plan file. Plan correctly stays in active/ (not archived - not VERIFIED). Nothing committed. Next: user decision on commit+deploy to close the live production migration/code mismatch window.
